archive_path	archive_size_bytes	archive_member_count_total	member_index	member_name	member_extension	member_size_bytes	years_in_member_name	member_relevance_guess
D:\Mestrado\GATA_2025_2026\Prueba_aislada\ISO_GATA_20260121_130505\Complementariedad de analisis\Module C\Datos\ERA5_d016a6f04c5e420341cf0e7293fcfb56.zip	33759612	1	0	data.grib	.grib	37422720		RELEVANT
D:\Mestrado\GATA_2025_2026\Prueba_aislada\ISO_GATA_20260121_130505\Complementariedad de analisis\Module C\Datos\ParquetFiles 2017.zip	294156	23	0	E1a/SPO-PT03071_06001_100.parquet	.parquet	109502		RELEVANT
D:\Mestrado\GATA_2025_2026\Prueba_aislada\ISO_GATA_20260121_130505\Complementariedad de analisis\Module C\Datos\ParquetFiles 2017.zip	294156	23	1	E1a/SPO-PT04003_06001_100.parquet	.parquet	102861		RELEVANT
D:\Mestrado\GATA_2025_2026\Prueba_aislada\ISO_GATA_20260121_130505\Complementariedad de analisis\Module C\Datos\ParquetFiles 2017.zip	294156	23	2	E1a/SPO-PT03102_06001_100.parquet	.parquet	104257		RELEVANT
D:\Mestrado\GATA_2025_2026\Prueba_aislada\ISO_GATA_20260121_130505\Complementariedad de analisis\Module C\Datos\ParquetFiles 2017.zip	294156	23	3	E1a/SPO-PT06005_06001_100.parquet	.parquet	100622		RELEVANT
D:\Mestrado\GATA_2025_2026\Prueba_aislada\ISO_GATA_20260121_130505\Complementariedad de analisis\Module C\Datos\ParquetFiles 2017.zip	294156	23	4	E1a/SPO-PT04001_06001_100.parquet	.parquet	97415		RELEVANT
D:\Mestrado\GATA_2025_2026\Prueba_aislada\ISO_GATA_20260121_130505\Complementariedad de analisis\Module C\Datos\ParquetFiles 2017.zip	294156	23	5	E1a/SPO-PT04006_06001_100.parquet	.parquet	110835		RELEVANT
D:\Mestrado\GATA_2025_2026\Prueba_aislada\ISO_GATA_20260121_130505\Complementariedad de analisis\Module C\Datos\ParquetFiles 2017.zip	294156	23	6	E1a/SPO-PT03083_06001_100.parquet	.parquet	118848		RELEVANT
D:\Mestrado\GATA_2025_2026\Prueba_aislada\ISO_GATA_20260121_130505\Complementariedad de analisis\Module C\Datos\ParquetFiles 2017.zip	294156	23	7	E1a/SPO-PT01044_06001_100.parquet	.parquet	2728		RELEVANT
D:\Mestrado\GATA_2025_2026\Prueba_aislada\ISO_GATA_20260121_130505\Complementariedad de analisis\Module C\Datos\ParquetFiles 2017.zip	294156	23	8	E1a/SPO-PT04004_06001_100.parquet	.parquet	95483		RELEVANT
D:\Mestrado\GATA_2025_2026\Prueba_aislada\ISO_GATA_20260121_130505\Complementariedad de analisis\Module C\Datos\ParquetFiles 2017.zip	294156	23	9	E1a/SPO-PT06004_06001_100.parquet	.parquet	110083		RELEVANT
D:\Mestrado\GATA_2025_2026\Prueba_aislada\ISO_GATA_20260121_130505\Complementariedad de analisis\Module C\Datos\ParquetFiles 2017.zip	294156	23	10	E1a/SPO-PT01048_06001_100.parquet	.parquet	2728		RELEVANT
D:\Mestrado\GATA_2025_2026\Prueba_aislada\ISO_GATA_20260121_130505\Complementariedad de analisis\Module C\Datos\ParquetFiles 2017.zip	294156	23	11	E1a/SPO-PT03089_06001_100.parquet	.parquet	115050		RELEVANT
D:\Mestrado\GATA_2025_2026\Prueba_aislada\ISO_GATA_20260121_130505\Complementariedad de analisis\Module C\Datos\ParquetFiles 2017.zip	294156	23	12	E1a/SPO-PT03072_06001_100.parquet	.parquet	2728		RELEVANT
D:\Mestrado\GATA_2025_2026\Prueba_aislada\ISO_GATA_20260121_130505\Complementariedad de analisis\Module C\Datos\ParquetFiles 2017.zip	294156	23	13	E1a/SPO-PT01050_06001_100.parquet	.parquet	2728		RELEVANT
D:\Mestrado\GATA_2025_2026\Prueba_aislada\ISO_GATA_20260121_130505\Complementariedad de analisis\Module C\Datos\ParquetFiles 2017.zip	294156	23	14	E1a/SPO-PT02019_06001_100.parquet	.parquet	95431		RELEVANT
D:\Mestrado\GATA_2025_2026\Prueba_aislada\ISO_GATA_20260121_130505\Complementariedad de analisis\Module C\Datos\ParquetFiles 2017.zip	294156	23	15	E1a/SPO-PT02020_06001_100.parquet	.parquet	98634		RELEVANT
D:\Mestrado\GATA_2025_2026\Prueba_aislada\ISO_GATA_20260121_130505\Complementariedad de analisis\Module C\Datos\ParquetFiles 2017.zip	294156	23	16	E1a/SPO-PT06008_06001_100.parquet	.parquet	2728		RELEVANT
D:\Mestrado\GATA_2025_2026\Prueba_aislada\ISO_GATA_20260121_130505\Complementariedad de analisis\Module C\Datos\ParquetFiles 2017.zip	294156	23	17	E1a/SPO-PT05007_06001_100.parquet	.parquet	106885		RELEVANT
D:\Mestrado\GATA_2025_2026\Prueba_aislada\ISO_GATA_20260121_130505\Complementariedad de analisis\Module C\Datos\ParquetFiles 2017.zip	294156	23	18	E1a/SPO-PT05012_06001_100.parquet	.parquet	104804		RELEVANT
D:\Mestrado\GATA_2025_2026\Prueba_aislada\ISO_GATA_20260121_130505\Complementariedad de analisis\Module C\Datos\ParquetFiles 2017.zip	294156	23	19	E1a/SPO-PT07001_06001_100.parquet	.parquet	106777		RELEVANT
D:\Mestrado\GATA_2025_2026\Prueba_aislada\ISO_GATA_20260121_130505\Complementariedad de analisis\Module C\Datos\ParquetFiles 2017.zip	294156	23	20	E1a/SPO-PT03099_06001_100.parquet	.parquet	108419		RELEVANT
D:\Mestrado\GATA_2025_2026\Prueba_aislada\ISO_GATA_20260121_130505\Complementariedad de analisis\Module C\Datos\ParquetFiles 2017.zip	294156	23	21	E1a/SPO-PT03096_06001_100.parquet	.parquet	104569		RELEVANT
D:\Mestrado\GATA_2025_2026\Prueba_aislada\ISO_GATA_20260121_130505\Complementariedad de analisis\Module C\Datos\ParquetFiles 2017.zip	294156	23	22	E1a/SPO-PT02004_06001_100.parquet	.parquet	97796		RELEVANT
D:\Mestrado\GATA_2025_2026\Prueba_aislada\ISO_GATA_20260121_130505\Complementariedad de analisis\Module C\Datos\ParquetFiles 2022.zip	379220	25	0	E1a/SPO-PT03071_06001_100.parquet	.parquet	113609		RELEVANT
D:\Mestrado\GATA_2025_2026\Prueba_aislada\ISO_GATA_20260121_130505\Complementariedad de analisis\Module C\Datos\ParquetFiles 2022.zip	379220	25	1	E1a/SPO-PT04003_06001_100.parquet	.parquet	95968		RELEVANT
D:\Mestrado\GATA_2025_2026\Prueba_aislada\ISO_GATA_20260121_130505\Complementariedad de analisis\Module C\Datos\ParquetFiles 2022.zip	379220	25	2	E1a/SPO-PT03102_06001_100.parquet	.parquet	102768		RELEVANT
D:\Mestrado\GATA_2025_2026\Prueba_aislada\ISO_GATA_20260121_130505\Complementariedad de analisis\Module C\Datos\ParquetFiles 2022.zip	379220	25	3	E1a/SPO-PT06005_06001_100.parquet	.parquet	111972		RELEVANT
D:\Mestrado\GATA_2025_2026\Prueba_aislada\ISO_GATA_20260121_130505\Complementariedad de analisis\Module C\Datos\ParquetFiles 2022.zip	379220	25	4	E1a/SPO-PT04001_06001_100.parquet	.parquet	98170		RELEVANT
D:\Mestrado\GATA_2025_2026\Prueba_aislada\ISO_GATA_20260121_130505\Complementariedad de analisis\Module C\Datos\ParquetFiles 2022.zip	379220	25	5	E1a/SPO-PT03063_06001_100.parquet	.parquet	2728		RELEVANT
D:\Mestrado\GATA_2025_2026\Prueba_aislada\ISO_GATA_20260121_130505\Complementariedad de analisis\Module C\Datos\ParquetFiles 2022.zip	379220	25	6	E1a/SPO-PT04006_06001_100.parquet	.parquet	108979		RELEVANT
D:\Mestrado\GATA_2025_2026\Prueba_aislada\ISO_GATA_20260121_130505\Complementariedad de analisis\Module C\Datos\ParquetFiles 2022.zip	379220	25	7	E1a/SPO-PT03083_06001_100.parquet	.parquet	111650		RELEVANT
D:\Mestrado\GATA_2025_2026\Prueba_aislada\ISO_GATA_20260121_130505\Complementariedad de analisis\Module C\Datos\ParquetFiles 2022.zip	379220	25	8	E1a/SPO-PT01044_06001_100.parquet	.parquet	71198		RELEVANT
D:\Mestrado\GATA_2025_2026\Prueba_aislada\ISO_GATA_20260121_130505\Complementariedad de analisis\Module C\Datos\ParquetFiles 2022.zip	379220	25	9	E1a/SPO-PT04004_06001_100.parquet	.parquet	98039		RELEVANT
D:\Mestrado\GATA_2025_2026\Prueba_aislada\ISO_GATA_20260121_130505\Complementariedad de analisis\Module C\Datos\ParquetFiles 2022.zip	379220	25	10	E1a/SPO-PT06004_06001_100.parquet	.parquet	112539		RELEVANT
D:\Mestrado\GATA_2025_2026\Prueba_aislada\ISO_GATA_20260121_130505\Complementariedad de analisis\Module C\Datos\ParquetFiles 2022.zip	379220	25	11	E1a/SPO-PT01048_06001_100.parquet	.parquet	71542		RELEVANT
D:\Mestrado\GATA_2025_2026\Prueba_aislada\ISO_GATA_20260121_130505\Complementariedad de analisis\Module C\Datos\ParquetFiles 2022.zip	379220	25	12	E1a/SPO-PT03089_06001_100.parquet	.parquet	114374		RELEVANT
D:\Mestrado\GATA_2025_2026\Prueba_aislada\ISO_GATA_20260121_130505\Complementariedad de analisis\Module C\Datos\ParquetFiles 2022.zip	379220	25	13	E1a/SPO-PT03072_06001_100.parquet	.parquet	112470		RELEVANT
D:\Mestrado\GATA_2025_2026\Prueba_aislada\ISO_GATA_20260121_130505\Complementariedad de analisis\Module C\Datos\ParquetFiles 2022.zip	379220	25	14	E1a/SPO-PT01050_06001_100.parquet	.parquet	82042		RELEVANT
D:\Mestrado\GATA_2025_2026\Prueba_aislada\ISO_GATA_20260121_130505\Complementariedad de analisis\Module C\Datos\ParquetFiles 2022.zip	379220	25	15	E1a/SPO-PT02019_06001_100.parquet	.parquet	99801		RELEVANT
D:\Mestrado\GATA_2025_2026\Prueba_aislada\ISO_GATA_20260121_130505\Complementariedad de analisis\Module C\Datos\ParquetFiles 2022.zip	379220	25	16	E1a/SPO-PT04002_06001_100.parquet	.parquet	106327		RELEVANT
D:\Mestrado\GATA_2025_2026\Prueba_aislada\ISO_GATA_20260121_130505\Complementariedad de analisis\Module C\Datos\ParquetFiles 2022.zip	379220	25	17	E1a/SPO-PT02020_06001_100.parquet	.parquet	103510		RELEVANT
D:\Mestrado\GATA_2025_2026\Prueba_aislada\ISO_GATA_20260121_130505\Complementariedad de analisis\Module C\Datos\ParquetFiles 2022.zip	379220	25	18	E1a/SPO-PT06008_06001_100.parquet	.parquet	2728		RELEVANT
D:\Mestrado\GATA_2025_2026\Prueba_aislada\ISO_GATA_20260121_130505\Complementariedad de analisis\Module C\Datos\ParquetFiles 2022.zip	379220	25	19	E1a/SPO-PT05007_06001_100.parquet	.parquet	113565		RELEVANT
D:\Mestrado\GATA_2025_2026\Prueba_aislada\ISO_GATA_20260121_130505\Complementariedad de analisis\Module C\Datos\ParquetFiles 2022.zip	379220	25	20	E1a/SPO-PT05012_06001_100.parquet	.parquet	105313		RELEVANT
D:\Mestrado\GATA_2025_2026\Prueba_aislada\ISO_GATA_20260121_130505\Complementariedad de analisis\Module C\Datos\ParquetFiles 2022.zip	379220	25	21	E1a/SPO-PT07001_06001_100.parquet	.parquet	102765		RELEVANT
D:\Mestrado\GATA_2025_2026\Prueba_aislada\ISO_GATA_20260121_130505\Complementariedad de analisis\Module C\Datos\ParquetFiles 2022.zip	379220	25	22	E1a/SPO-PT03099_06001_100.parquet	.parquet	108911		RELEVANT
D:\Mestrado\GATA_2025_2026\Prueba_aislada\ISO_GATA_20260121_130505\Complementariedad de analisis\Module C\Datos\ParquetFiles 2022.zip	379220	25	23	E1a/SPO-PT03096_06001_100.parquet	.parquet	110472		RELEVANT
D:\Mestrado\GATA_2025_2026\Prueba_aislada\ISO_GATA_20260121_130505\Complementariedad de analisis\Module C\Datos\ParquetFiles 2022.zip	379220	25	24	E1a/SPO-PT02004_06001_100.parquet	.parquet	104040		RELEVANT
