"name"	"extension"	"bytes"	"last_write_time"	"year_token"	"full_name"
"1d31bba15e3fad800323305d5f7f2999.grib"	".grib"	"18869838624"	"2025-11-06T21:33:28"	""	"D:\Mestrado\GATA_2025_2026\Prueba_aislada\ISO_GATA_20260121_130505\Complementariedad de analisis\Module C\Datos\CAM-GFAS (ADS)\1d31bba15e3fad800323305d5f7f2999.grib"
"28a709743c8f117d31601fa356b12aaa.grib"	".grib"	"18921678840"	"2025-11-06T15:13:39"	""	"D:\Mestrado\GATA_2025_2026\Prueba_aislada\ISO_GATA_20260121_130505\Complementariedad de analisis\Module C\Datos\CAM-GFAS (ADS)\28a709743c8f117d31601fa356b12aaa.grib"
"3.grib"	".grib"	"9434919312"	"2025-11-06T20:52:05"	""	"D:\Mestrado\GATA_2025_2026\Prueba_aislada\ISO_GATA_20260121_130505\Complementariedad de analisis\Module C\Datos\CAM-GFAS (ADS)\3.grib"
"44b169fbed8a6439031298d2fde781e0.grib"	".grib"	"9460839420"	"2025-11-06T16:16:27"	""	"D:\Mestrado\GATA_2025_2026\Prueba_aislada\ISO_GATA_20260121_130505\Complementariedad de analisis\Module C\Datos\CAM-GFAS (ADS)\44b169fbed8a6439031298d2fde781e0.grib"
"473f1c31b519a17a65f2c10a5a0f0a8c.grib"	".grib"	"9460839420"	"2025-11-06T15:34:54"	""	"D:\Mestrado\GATA_2025_2026\Prueba_aislada\ISO_GATA_20260121_130505\Complementariedad de analisis\Module C\Datos\CAM-GFAS (ADS)\473f1c31b519a17a65f2c10a5a0f0a8c.grib"
"4e23d469397788f65d6e9c01bb3b2b89.grib"	".grib"	"9460839420"	"2025-11-06T15:55:42"	""	"D:\Mestrado\GATA_2025_2026\Prueba_aislada\ISO_GATA_20260121_130505\Complementariedad de analisis\Module C\Datos\CAM-GFAS (ADS)\4e23d469397788f65d6e9c01bb3b2b89.grib"
"7be5e283f408e2e9ceab00960da1d013.grib"	".grib"	"9460839420"	"2025-11-06T19:06:41"	""	"D:\Mestrado\GATA_2025_2026\Prueba_aislada\ISO_GATA_20260121_130505\Complementariedad de analisis\Module C\Datos\CAM-GFAS (ADS)\7be5e283f408e2e9ceab00960da1d013.grib"
"a04e6c70c962461c4c22f412a7076997.grib"	".grib"	"18921678840"	"2025-11-06T19:55:53"	""	"D:\Mestrado\GATA_2025_2026\Prueba_aislada\ISO_GATA_20260121_130505\Complementariedad de analisis\Module C\Datos\CAM-GFAS (ADS)\a04e6c70c962461c4c22f412a7076997.grib"
"ae10857c4d4b68b40119dc1995dff7a0.grib"	".grib"	"18921678840"	"2025-11-06T22:31:13"	""	"D:\Mestrado\GATA_2025_2026\Prueba_aislada\ISO_GATA_20260121_130505\Complementariedad de analisis\Module C\Datos\CAM-GFAS (ADS)\ae10857c4d4b68b40119dc1995dff7a0.grib"
"db84922e9d8af13daba65f70341e1845.grib"	".grib"	"9460839420"	"2025-11-06T16:37:50"	""	"D:\Mestrado\GATA_2025_2026\Prueba_aislada\ISO_GATA_20260121_130505\Complementariedad de analisis\Module C\Datos\CAM-GFAS (ADS)\db84922e9d8af13daba65f70341e1845.grib"
"e22519c293be205cefe26ff09aebb9b1.grib"	".grib"	"18921678840"	"2025-11-06T17:39:20"	""	"D:\Mestrado\GATA_2025_2026\Prueba_aislada\ISO_GATA_20260121_130505\Complementariedad de analisis\Module C\Datos\CAM-GFAS (ADS)\e22519c293be205cefe26ff09aebb9b1.grib"
