"key"	"exists"	"bytes"	"value"
"inputs_resolved"	"YES"	"5400"	"D:\GATA_MODULEC_UNIFIED_PROCESS\GATA_ModuleC_pipeline_unified_20260529_110642\03_RUNTIMES\ModuleC_RUNTIME_10D7_REAL_PRODUCER_PATCH_20260531_083731_ITER3\03_outputs\qa\inputs_resolved.json"
"smoke_csv"	"YES"	"379220"	"D:\Mestrado\GATA_2025_2026\Prueba_aislada\ISO_GATA_20260121_130505\Complementariedad de analisis\Module C\Datos\ParquetFiles 2022.zip"
"smoke_gfas_dir"	"YES"	"0"	"D:\Mestrado\GATA_2025_2026\Prueba_aislada\ISO_GATA_20260121_130505\Complementariedad de analisis\Module C\Datos\CAM-GFAS (ADS)"
"smoke_era5_zip"	"YES"	"33759612"	"D:\Mestrado\GATA_2025_2026\Prueba_aislada\ISO_GATA_20260121_130505\Complementariedad de analisis\Module C\Datos\ERA5_d016a6f04c5e420341cf0e7293fcfb56.zip"
"smoke_route_mode"	""	""	"v0_gfas_era5_real"
"smoke_route_status"	""	""	"SCIENTIFIC_PRIMARY_REAL"
"smoke_route_decision"	""	""	"THRESHOLD_DEFINED_AS_INDEXED_METHOD"
"smoke_route_reason"	""	""	"GFAS + ERA5 detected and decoder is available."
"iech_decision"	""	""	"IECH_ROUTE_REAL_SMOKE"
