"label"	"file"	"line"	"pattern"	"text"
"moduleC_pipeline_v2.py"	"D:\GATA_MODULEC_UNIFIED_PROCESS\GATA_ModuleC_pipeline_unified_20260529_110642\01_REPO_COPY\pipeline\moduleC_pipeline_v2.py"	"340"	"missing_flag"	"def has_missing_flag(rows: List[Dict[str, str]]) -> bool:"
"moduleC_pipeline_v2.py"	"D:\GATA_MODULEC_UNIFIED_PROCESS\GATA_ModuleC_pipeline_unified_20260529_110642\01_REPO_COPY\pipeline\moduleC_pipeline_v2.py"	"343"	"missing_flag"	"if ""missing_flag"" in k.lower():"
"moduleC_pipeline_v2.py"	"D:\GATA_MODULEC_UNIFIED_PROCESS\GATA_ModuleC_pipeline_unified_20260529_110642\01_REPO_COPY\pipeline\moduleC_pipeline_v2.py"	"923"	"direct_year"	"methods[y] = ""primary_parquet_direct_year"" if y == y0 else ""primary_parquet_flat_single_anchor"""
"moduleC_pipeline_v2.py"	"D:\GATA_MODULEC_UNIFIED_PROCESS\GATA_ModuleC_pipeline_unified_20260529_110642\01_REPO_COPY\pipeline\moduleC_pipeline_v2.py"	"929"	"direct_year"	"methods[y] = ""primary_parquet_direct_year"""
"moduleC_pipeline_v2.py"	"D:\GATA_MODULEC_UNIFIED_PROCESS\GATA_ModuleC_pipeline_unified_20260529_110642\01_REPO_COPY\pipeline\moduleC_pipeline_v2.py"	"934"	"extrapolated_from_anchors"	"method = ""primary_parquet_extrapolated_from_anchors"""
"moduleC_pipeline_v2.py"	"D:\GATA_MODULEC_UNIFIED_PROCESS\GATA_ModuleC_pipeline_unified_20260529_110642\01_REPO_COPY\pipeline\moduleC_pipeline_v2.py"	"937"	"extrapolated_from_anchors"	"method = ""primary_parquet_extrapolated_from_anchors"""
"moduleC_pipeline_v2.py"	"D:\GATA_MODULEC_UNIFIED_PROCESS\GATA_ModuleC_pipeline_unified_20260529_110642\01_REPO_COPY\pipeline\moduleC_pipeline_v2.py"	"945"	"interpolated_from_anchors"	"method = ""primary_parquet_interpolated_from_anchors"""
"moduleC_pipeline_v2.py"	"D:\GATA_MODULEC_UNIFIED_PROCESS\GATA_ModuleC_pipeline_unified_20260529_110642\01_REPO_COPY\pipeline\moduleC_pipeline_v2.py"	"973"	"direct_year"	"methods[y] = f""{method_prefix}_direct_year"" if y == y0 else f""{method_prefix}_flat_single_anchor"""
"moduleC_pipeline_v2.py"	"D:\GATA_MODULEC_UNIFIED_PROCESS\GATA_ModuleC_pipeline_unified_20260529_110642\01_REPO_COPY\pipeline\moduleC_pipeline_v2.py"	"979"	"direct_year"	"methods[y] = f""{method_prefix}_direct_year"""
"moduleC_pipeline_v2.py"	"D:\GATA_MODULEC_UNIFIED_PROCESS\GATA_ModuleC_pipeline_unified_20260529_110642\01_REPO_COPY\pipeline\moduleC_pipeline_v2.py"	"983"	"extrapolated_from_anchors"	"method = f""{method_prefix}_extrapolated_from_anchors"""
"moduleC_pipeline_v2.py"	"D:\GATA_MODULEC_UNIFIED_PROCESS\GATA_ModuleC_pipeline_unified_20260529_110642\01_REPO_COPY\pipeline\moduleC_pipeline_v2.py"	"986"	"extrapolated_from_anchors"	"method = f""{method_prefix}_extrapolated_from_anchors"""
"moduleC_pipeline_v2.py"	"D:\GATA_MODULEC_UNIFIED_PROCESS\GATA_ModuleC_pipeline_unified_20260529_110642\01_REPO_COPY\pipeline\moduleC_pipeline_v2.py"	"994"	"interpolated_from_anchors"	"method = f""{method_prefix}_interpolated_from_anchors"""
"moduleC_pipeline_v2.py"	"D:\GATA_MODULEC_UNIFIED_PROCESS\GATA_ModuleC_pipeline_unified_20260529_110642\01_REPO_COPY\pipeline\moduleC_pipeline_v2.py"	"1392"	"GRIB"	"[""PRES-002"", ""PASS"" if int(sources.get(""gfas_grib_count"") or 0) > 0 else ""HOLD"", int(sources.get(""gfas_grib_count"") or 0), ""GFAS grib file count""],"
"moduleC_pipeline_v2.py"	"D:\GATA_MODULEC_UNIFIED_PROCESS\GATA_ModuleC_pipeline_unified_20260529_110642\01_REPO_COPY\pipeline\moduleC_pipeline_v2.py"	"1392"	"grib"	"[""PRES-002"", ""PASS"" if int(sources.get(""gfas_grib_count"") or 0) > 0 else ""HOLD"", int(sources.get(""gfas_grib_count"") or 0), ""GFAS grib file count""],"
"moduleC_pipeline_v2.py"	"D:\GATA_MODULEC_UNIFIED_PROCESS\GATA_ModuleC_pipeline_unified_20260529_110642\01_REPO_COPY\pipeline\moduleC_pipeline_v2.py"	"1409"	"v0_gfas_era5_real"	"selected_real = str(route_decision.get(""route_selected"", """")) == ""v0_gfas_era5_real"""
"moduleC_pipeline_v2.py"	"D:\GATA_MODULEC_UNIFIED_PROCESS\GATA_ModuleC_pipeline_unified_20260529_110642\01_REPO_COPY\pipeline\moduleC_pipeline_v2.py"	"1412"	"required_decoder"	"[""decoder_required"", 1 if decoder_required else 0, ""BLOCKED"" if decoder_required else ""PASS"", str(route_decision.get(""required_decoder"", """"))],"
"moduleC_pipeline_v2.py"	"D:\GATA_MODULEC_UNIFIED_PROCESS\GATA_ModuleC_pipeline_unified_20260529_110642\01_REPO_COPY\pipeline\moduleC_pipeline_v2.py"	"1414"	"GRIB"	"[""gfas_grib_count"", int(sources.get(""gfas_grib_count"") or 0), ""PASS"" if int(sources.get(""gfas_grib_count"") or 0) > 0 else ""HOLD"", """"],"
"moduleC_pipeline_v2.py"	"D:\GATA_MODULEC_UNIFIED_PROCESS\GATA_ModuleC_pipeline_unified_20260529_110642\01_REPO_COPY\pipeline\moduleC_pipeline_v2.py"	"1414"	"grib"	"[""gfas_grib_count"", int(sources.get(""gfas_grib_count"") or 0), ""PASS"" if int(sources.get(""gfas_grib_count"") or 0) > 0 else ""HOLD"", """"],"
"moduleC_pipeline_v2.py"	"D:\GATA_MODULEC_UNIFIED_PROCESS\GATA_ModuleC_pipeline_unified_20260529_110642\01_REPO_COPY\pipeline\moduleC_pipeline_v2.py"	"1432"	"GRIB"	"[""gfas_probe"", ""gfas_grib_count"", int(sources.get(""gfas_grib_count"") or 0), str(sources.get(""gfas_dir"", """"))],"
"moduleC_pipeline_v2.py"	"D:\GATA_MODULEC_UNIFIED_PROCESS\GATA_ModuleC_pipeline_unified_20260529_110642\01_REPO_COPY\pipeline\moduleC_pipeline_v2.py"	"1432"	"grib"	"[""gfas_probe"", ""gfas_grib_count"", int(sources.get(""gfas_grib_count"") or 0), str(sources.get(""gfas_dir"", """"))],"
"moduleC_pipeline_v2.py"	"D:\GATA_MODULEC_UNIFIED_PROCESS\GATA_ModuleC_pipeline_unified_20260529_110642\01_REPO_COPY\pipeline\moduleC_pipeline_v2.py"	"1477"	"GRIB"	"def _extract_first_message_by_next_grib(src: Path, dst: Path, max_scan_bytes: int = 64 * 1024 * 1024) -> Tuple[int, int]:"
"moduleC_pipeline_v2.py"	"D:\GATA_MODULEC_UNIFIED_PROCESS\GATA_ModuleC_pipeline_unified_20260529_110642\01_REPO_COPY\pipeline\moduleC_pipeline_v2.py"	"1477"	"grib"	"def _extract_first_message_by_next_grib(src: Path, dst: Path, max_scan_bytes: int = 64 * 1024 * 1024) -> Tuple[int, int]:"
"moduleC_pipeline_v2.py"	"D:\GATA_MODULEC_UNIFIED_PROCESS\GATA_ModuleC_pipeline_unified_20260529_110642\01_REPO_COPY\pipeline\moduleC_pipeline_v2.py"	"1479"	"GRIB"	"raise FileNotFoundError(f""GFAS source GRIB missing: {src}"")"
"moduleC_pipeline_v2.py"	"D:\GATA_MODULEC_UNIFIED_PROCESS\GATA_ModuleC_pipeline_unified_20260529_110642\01_REPO_COPY\pipeline\moduleC_pipeline_v2.py"	"1479"	"grib"	"raise FileNotFoundError(f""GFAS source GRIB missing: {src}"")"
"moduleC_pipeline_v2.py"	"D:\GATA_MODULEC_UNIFIED_PROCESS\GATA_ModuleC_pipeline_unified_20260529_110642\01_REPO_COPY\pipeline\moduleC_pipeline_v2.py"	"1489"	"GRIB"	"if len(buf) >= 8 and buf[:4] == b""GRIB"":"
"moduleC_pipeline_v2.py"	"D:\GATA_MODULEC_UNIFIED_PROCESS\GATA_ModuleC_pipeline_unified_20260529_110642\01_REPO_COPY\pipeline\moduleC_pipeline_v2.py"	"1489"	"grib"	"if len(buf) >= 8 and buf[:4] == b""GRIB"":"
"moduleC_pipeline_v2.py"	"D:\GATA_MODULEC_UNIFIED_PROCESS\GATA_ModuleC_pipeline_unified_20260529_110642\01_REPO_COPY\pipeline\moduleC_pipeline_v2.py"	"1490"	"GRIB"	"next_idx = bytes(buf).find(b""GRIB"", 4)"
"moduleC_pipeline_v2.py"	"D:\GATA_MODULEC_UNIFIED_PROCESS\GATA_ModuleC_pipeline_unified_20260529_110642\01_REPO_COPY\pipeline\moduleC_pipeline_v2.py"	"1490"	"grib"	"next_idx = bytes(buf).find(b""GRIB"", 4)"
"moduleC_pipeline_v2.py"	"D:\GATA_MODULEC_UNIFIED_PROCESS\GATA_ModuleC_pipeline_unified_20260529_110642\01_REPO_COPY\pipeline\moduleC_pipeline_v2.py"	"1496"	"GRIB"	"raise RuntimeError(f""Could not delimit first GRIB message using next GRIB within {max_scan_bytes} bytes for {src}"")"
"moduleC_pipeline_v2.py"	"D:\GATA_MODULEC_UNIFIED_PROCESS\GATA_ModuleC_pipeline_unified_20260529_110642\01_REPO_COPY\pipeline\moduleC_pipeline_v2.py"	"1496"	"grib"	"raise RuntimeError(f""Could not delimit first GRIB message using next GRIB within {max_scan_bytes} bytes for {src}"")"
"moduleC_pipeline_v2.py"	"D:\GATA_MODULEC_UNIFIED_PROCESS\GATA_ModuleC_pipeline_unified_20260529_110642\01_REPO_COPY\pipeline\moduleC_pipeline_v2.py"	"1563"	"eccodes"	"[""eccodes_for_gfas"", ""REJECTED_OR_FORBIDDEN"", ""PASS"", ""ecCodes is not used as GFAS decoder backend.""],"
"moduleC_pipeline_v2.py"	"D:\GATA_MODULEC_UNIFIED_PROCESS\GATA_ModuleC_pipeline_unified_20260529_110642\01_REPO_COPY\pipeline\moduleC_pipeline_v2.py"	"1572"	"eccodes"	"[""eccodes_for_gfas"", ""REJECTED_OR_FORBIDDEN"", ""PASS"", ""ecCodes is not used as GFAS decoder backend.""],"
"moduleC_pipeline_v2.py"	"D:\GATA_MODULEC_UNIFIED_PROCESS\GATA_ModuleC_pipeline_unified_20260529_110642\01_REPO_COPY\pipeline\moduleC_pipeline_v2.py"	"1611"	"GRIB"	"edge_summary = gfas_dir / ""_grib_edge_summary.csv"""
"moduleC_pipeline_v2.py"	"D:\GATA_MODULEC_UNIFIED_PROCESS\GATA_ModuleC_pipeline_unified_20260529_110642\01_REPO_COPY\pipeline\moduleC_pipeline_v2.py"	"1611"	"grib"	"edge_summary = gfas_dir / ""_grib_edge_summary.csv"""
"moduleC_pipeline_v2.py"	"D:\GATA_MODULEC_UNIFIED_PROCESS\GATA_ModuleC_pipeline_unified_20260529_110642\01_REPO_COPY\pipeline\moduleC_pipeline_v2.py"	"1622"	"GRIB"	"raise RuntimeError(""No PM2P5FIRE candidate rows found in _grib_edge_summary.csv"")"
"moduleC_pipeline_v2.py"	"D:\GATA_MODULEC_UNIFIED_PROCESS\GATA_ModuleC_pipeline_unified_20260529_110642\01_REPO_COPY\pipeline\moduleC_pipeline_v2.py"	"1622"	"grib"	"raise RuntimeError(""No PM2P5FIRE candidate rows found in _grib_edge_summary.csv"")"
"moduleC_pipeline_v2.py"	"D:\GATA_MODULEC_UNIFIED_PROCESS\GATA_ModuleC_pipeline_unified_20260529_110642\01_REPO_COPY\pipeline\moduleC_pipeline_v2.py"	"1635"	"GRIB"	"src_grib = gfas_dir / file_name"
"moduleC_pipeline_v2.py"	"D:\GATA_MODULEC_UNIFIED_PROCESS\GATA_ModuleC_pipeline_unified_20260529_110642\01_REPO_COPY\pipeline\moduleC_pipeline_v2.py"	"1635"	"grib"	"src_grib = gfas_dir / file_name"
"moduleC_pipeline_v2.py"	"D:\GATA_MODULEC_UNIFIED_PROCESS\GATA_ModuleC_pipeline_unified_20260529_110642\01_REPO_COPY\pipeline\moduleC_pipeline_v2.py"	"1636"	"GRIB"	"if not src_grib.exists():"
"moduleC_pipeline_v2.py"	"D:\GATA_MODULEC_UNIFIED_PROCESS\GATA_ModuleC_pipeline_unified_20260529_110642\01_REPO_COPY\pipeline\moduleC_pipeline_v2.py"	"1636"	"grib"	"if not src_grib.exists():"
"moduleC_pipeline_v2.py"	"D:\GATA_MODULEC_UNIFIED_PROCESS\GATA_ModuleC_pipeline_unified_20260529_110642\01_REPO_COPY\pipeline\moduleC_pipeline_v2.py"	"1646"	"GRIB"	"extracted_msg = qa_dir / f""gfas_pm2p5fire_{year_int}_message1.grib"""
"moduleC_pipeline_v2.py"	"D:\GATA_MODULEC_UNIFIED_PROCESS\GATA_ModuleC_pipeline_unified_20260529_110642\01_REPO_COPY\pipeline\moduleC_pipeline_v2.py"	"1646"	"grib"	"extracted_msg = qa_dir / f""gfas_pm2p5fire_{year_int}_message1.grib"""
"moduleC_pipeline_v2.py"	"D:\GATA_MODULEC_UNIFIED_PROCESS\GATA_ModuleC_pipeline_unified_20260529_110642\01_REPO_COPY\pipeline\moduleC_pipeline_v2.py"	"1647"	"GRIB"	"next_idx, payload_bytes = _extract_first_message_by_next_grib(src_grib, extracted_msg)"
"moduleC_pipeline_v2.py"	"D:\GATA_MODULEC_UNIFIED_PROCESS\GATA_ModuleC_pipeline_unified_20260529_110642\01_REPO_COPY\pipeline\moduleC_pipeline_v2.py"	"1647"	"grib"	"next_idx, payload_bytes = _extract_first_message_by_next_grib(src_grib, extracted_msg)"
"moduleC_pipeline_v2.py"	"D:\GATA_MODULEC_UNIFIED_PROCESS\GATA_ModuleC_pipeline_unified_20260529_110642\01_REPO_COPY\pipeline\moduleC_pipeline_v2.py"	"1675"	"gfas_pm2p5fire_gdal"	"methods[year_int] = ""gfas_pm2p5fire_gdal_message1_negative_lon_proxy"""
"moduleC_pipeline_v2.py"	"D:\GATA_MODULEC_UNIFIED_PROCESS\GATA_ModuleC_pipeline_unified_20260529_110642\01_REPO_COPY\pipeline\moduleC_pipeline_v2.py"	"1682"	"GRIB"	"str(src_grib),"
"moduleC_pipeline_v2.py"	"D:\GATA_MODULEC_UNIFIED_PROCESS\GATA_ModuleC_pipeline_unified_20260529_110642\01_REPO_COPY\pipeline\moduleC_pipeline_v2.py"	"1682"	"grib"	"str(src_grib),"
"moduleC_pipeline_v2.py"	"D:\GATA_MODULEC_UNIFIED_PROCESS\GATA_ModuleC_pipeline_unified_20260529_110642\01_REPO_COPY\pipeline\moduleC_pipeline_v2.py"	"1713"	"gfas_pm2p5fire_gdal"	"""method"": ""gfas_pm2p5fire_gdal_negative_lon"","
"moduleC_pipeline_v2.py"	"D:\GATA_MODULEC_UNIFIED_PROCESS\GATA_ModuleC_pipeline_unified_20260529_110642\01_REPO_COPY\pipeline\moduleC_pipeline_v2.py"	"1742"	"GRIB"	"""source_grib_path"","
"moduleC_pipeline_v2.py"	"D:\GATA_MODULEC_UNIFIED_PROCESS\GATA_ModuleC_pipeline_unified_20260529_110642\01_REPO_COPY\pipeline\moduleC_pipeline_v2.py"	"1742"	"grib"	"""source_grib_path"","
"moduleC_pipeline_v2.py"	"D:\GATA_MODULEC_UNIFIED_PROCESS\GATA_ModuleC_pipeline_unified_20260529_110642\01_REPO_COPY\pipeline\moduleC_pipeline_v2.py"	"1745"	"GRIB"	"""next_grib_offset"","
"moduleC_pipeline_v2.py"	"D:\GATA_MODULEC_UNIFIED_PROCESS\GATA_ModuleC_pipeline_unified_20260529_110642\01_REPO_COPY\pipeline\moduleC_pipeline_v2.py"	"1745"	"grib"	"""next_grib_offset"","
"moduleC_pipeline_v2.py"	"D:\GATA_MODULEC_UNIFIED_PROCESS\GATA_ModuleC_pipeline_unified_20260529_110642\01_REPO_COPY\pipeline\moduleC_pipeline_v2.py"	"1782"	"GRIB"	"era5_vsi = f""/vsizip/{era5_zip.as_posix()}/data.grib"""
"moduleC_pipeline_v2.py"	"D:\GATA_MODULEC_UNIFIED_PROCESS\GATA_ModuleC_pipeline_unified_20260529_110642\01_REPO_COPY\pipeline\moduleC_pipeline_v2.py"	"1782"	"grib"	"era5_vsi = f""/vsizip/{era5_zip.as_posix()}/data.grib"""
"moduleC_pipeline_v2.py"	"D:\GATA_MODULEC_UNIFIED_PROCESS\GATA_ModuleC_pipeline_unified_20260529_110642\01_REPO_COPY\pipeline\moduleC_pipeline_v2.py"	"1788"	"GRIB"	"has_10u = (""10 metre u wind component"" in low_info) or (""grib_element=10u"" in low_info)"
"moduleC_pipeline_v2.py"	"D:\GATA_MODULEC_UNIFIED_PROCESS\GATA_ModuleC_pipeline_unified_20260529_110642\01_REPO_COPY\pipeline\moduleC_pipeline_v2.py"	"1788"	"grib"	"has_10u = (""10 metre u wind component"" in low_info) or (""grib_element=10u"" in low_info)"
"moduleC_pipeline_v2.py"	"D:\GATA_MODULEC_UNIFIED_PROCESS\GATA_ModuleC_pipeline_unified_20260529_110642\01_REPO_COPY\pipeline\moduleC_pipeline_v2.py"	"1789"	"GRIB"	"has_10v = (""10 metre v wind component"" in low_info) or (""grib_element=10v"" in low_info)"
"moduleC_pipeline_v2.py"	"D:\GATA_MODULEC_UNIFIED_PROCESS\GATA_ModuleC_pipeline_unified_20260529_110642\01_REPO_COPY\pipeline\moduleC_pipeline_v2.py"	"1789"	"grib"	"has_10v = (""10 metre v wind component"" in low_info) or (""grib_element=10v"" in low_info)"
"moduleC_pipeline_v2.py"	"D:\GATA_MODULEC_UNIFIED_PROCESS\GATA_ModuleC_pipeline_unified_20260529_110642\01_REPO_COPY\pipeline\moduleC_pipeline_v2.py"	"1905"	"v0_gfas_era5_real"	"elif route_selected == ""v0_gfas_era5_real"":"
"moduleC_pipeline_v2.py"	"D:\GATA_MODULEC_UNIFIED_PROCESS\GATA_ModuleC_pipeline_unified_20260529_110642\01_REPO_COPY\pipeline\moduleC_pipeline_v2.py"	"1908"	"v0_gfas_era5_real"	"report.fail(""v0_gfas_era5_real selected but decoder payload is unavailable."")"
"moduleC_pipeline_v2.py"	"D:\GATA_MODULEC_UNIFIED_PROCESS\GATA_ModuleC_pipeline_unified_20260529_110642\01_REPO_COPY\pipeline\moduleC_pipeline_v2.py"	"1914"	"v0_gfas_era5_real"	"report.fail(""v0_gfas_era5_real selected but by_year decoder output is empty."")"
"moduleC_pipeline_v2.py"	"D:\GATA_MODULEC_UNIFIED_PROCESS\GATA_ModuleC_pipeline_unified_20260529_110642\01_REPO_COPY\pipeline\moduleC_pipeline_v2.py"	"1929"	"v0_gfas_era5_real"	"if route_selected == ""v0_gfas_era5_real"" and global_replicated_assignment and decoder_payload:"
"moduleC_pipeline_v2.py"	"D:\GATA_MODULEC_UNIFIED_PROCESS\GATA_ModuleC_pipeline_unified_20260529_110642\01_REPO_COPY\pipeline\moduleC_pipeline_v2.py"	"1936"	"gfas_pm2p5fire_gdal"	"vals_u, meth_u = _fill_smoke_year_series_relaxed(anchors, ""gfas_pm2p5fire_gdal_unit"")"
"moduleC_pipeline_v2.py"	"D:\GATA_MODULEC_UNIFIED_PROCESS\GATA_ModuleC_pipeline_unified_20260529_110642\01_REPO_COPY\pipeline\moduleC_pipeline_v2.py"	"1969"	"gfas_pm2p5fire_gdal"	"smoke_method = unit_year_methods.get(uid, {}).get(y, ""gfas_pm2p5fire_gdal_unit_unknown"")"
"moduleC_pipeline_v2.py"	"D:\GATA_MODULEC_UNIFIED_PROCESS\GATA_ModuleC_pipeline_unified_20260529_110642\01_REPO_COPY\pipeline\moduleC_pipeline_v2.py"	"1975"	"v0_gfas_era5_real"	"if route_selected == ""v0_gfas_era5_real"" and global_replicated_assignment:"
"moduleC_pipeline_v2.py"	"D:\GATA_MODULEC_UNIFIED_PROCESS\GATA_ModuleC_pipeline_unified_20260529_110642\01_REPO_COPY\pipeline\moduleC_pipeline_v2.py"	"1982"	"missing_flag"	"[""unit_id"", ""year"", ""smoke_days"", ""smoke_score_mean"", ""smoke_score_p80"", ""smoke_method"", ""smoke_missing_flag""],"
"moduleC_pipeline_v2.py"	"D:\GATA_MODULEC_UNIFIED_PROCESS\GATA_ModuleC_pipeline_unified_20260529_110642\01_REPO_COPY\pipeline\moduleC_pipeline_v2.py"	"1982"	"smoke_missing_flag"	"[""unit_id"", ""year"", ""smoke_days"", ""smoke_score_mean"", ""smoke_score_p80"", ""smoke_method"", ""smoke_missing_flag""],"
"moduleC_pipeline_v2.py"	"D:\GATA_MODULEC_UNIFIED_PROCESS\GATA_ModuleC_pipeline_unified_20260529_110642\01_REPO_COPY\pipeline\moduleC_pipeline_v2.py"	"1991"	"missing_flag"	"[""unit_id"", ""year"", ""smoke_days"", ""smoke_score_mean"", ""smoke_score_p80"", ""smoke_method"", ""smoke_missing_flag""],"
"moduleC_pipeline_v2.py"	"D:\GATA_MODULEC_UNIFIED_PROCESS\GATA_ModuleC_pipeline_unified_20260529_110642\01_REPO_COPY\pipeline\moduleC_pipeline_v2.py"	"1991"	"smoke_missing_flag"	"[""unit_id"", ""year"", ""smoke_days"", ""smoke_score_mean"", ""smoke_score_p80"", ""smoke_method"", ""smoke_missing_flag""],"
"moduleC_pipeline_v2.py"	"D:\GATA_MODULEC_UNIFIED_PROCESS\GATA_ModuleC_pipeline_unified_20260529_110642\01_REPO_COPY\pipeline\moduleC_pipeline_v2.py"	"1996"	"v0_gfas_era5_real"	"# Optional daily proxy table generated when v0_gfas_era5_real decoder probe is available."
"moduleC_pipeline_v2.py"	"D:\GATA_MODULEC_UNIFIED_PROCESS\GATA_ModuleC_pipeline_unified_20260529_110642\01_REPO_COPY\pipeline\moduleC_pipeline_v2.py"	"1997"	"v0_gfas_era5_real"	"if route_selected == ""v0_gfas_era5_real"" and decoder_payload:"
"moduleC_pipeline_v2.py"	"D:\GATA_MODULEC_UNIFIED_PROCESS\GATA_ModuleC_pipeline_unified_20260529_110642\01_REPO_COPY\pipeline\moduleC_pipeline_v2.py"	"2012"	"gfas_pm2p5fire_gdal"	"day_method = ""gfas_pm2p5fire_gdal_unit_negative_lon"""
"moduleC_pipeline_v2.py"	"D:\GATA_MODULEC_UNIFIED_PROCESS\GATA_ModuleC_pipeline_unified_20260529_110642\01_REPO_COPY\pipeline\moduleC_pipeline_v2.py"	"2135"	"missing_flag"	"write_csv(out_path, [""unit_id"", ""pop_2015_sum"", ""pop_2020_sum"", ""pop_2025_sum"", ""pop_2030_sum"", ""pop_missing_flag""], rows_out, delim="";"")"
"moduleC_pipeline_v2.py"	"D:\GATA_MODULEC_UNIFIED_PROCESS\GATA_ModuleC_pipeline_unified_20260529_110642\01_REPO_COPY\pipeline\moduleC_pipeline_v2.py"	"2281"	"missing_flag"	"write_csv(out_path, [""unit_id"", ""total_burn_ha_2015_2024"", ""years_area_gt_p75"", ""n_events_gt_1000ha"", ""recurrence_class"", ""recurrence_missing_flag""], rows_out, delim="";"")"
"moduleC_pipeline_v2.py"	"D:\GATA_MODULEC_UNIFIED_PROCESS\GATA_ModuleC_pipeline_unified_20260529_110642\01_REPO_COPY\pipeline\moduleC_pipeline_v2.py"	"2304"	"missing_flag"	"if has_missing_flag(pop_rows) or has_missing_flag(smoke_rows):"
"moduleC_pipeline_v2.py"	"D:\GATA_MODULEC_UNIFIED_PROCESS\GATA_ModuleC_pipeline_unified_20260529_110642\01_REPO_COPY\pipeline\moduleC_pipeline_v2.py"	"2305"	"missing_flag"	"report.fail(""Placeholder detected (missing_flag=1). IECH will not be computed."")"
"moduleC_pipeline_v2.py"	"D:\GATA_MODULEC_UNIFIED_PROCESS\GATA_ModuleC_pipeline_unified_20260529_110642\01_REPO_COPY\pipeline\moduleC_pipeline_v2.py"	"2368"	"missing_flag"	"if has_missing_flag(smoke_rows):"
"moduleC_pipeline_v2.py"	"D:\GATA_MODULEC_UNIFIED_PROCESS\GATA_ModuleC_pipeline_unified_20260529_110642\01_REPO_COPY\pipeline\moduleC_pipeline_v2.py"	"2369"	"missing_flag"	"report.fail(""Placeholder detected (smoke missing_flag=1). Scenarios not computed."")"
"moduleC_pipeline_v2.py"	"D:\GATA_MODULEC_UNIFIED_PROCESS\GATA_ModuleC_pipeline_unified_20260529_110642\01_REPO_COPY\pipeline\moduleC_pipeline_v2.py"	"2387"	"missing_flag"	"if has_missing_flag(pop_rows):"
"moduleC_pipeline_v2.py"	"D:\GATA_MODULEC_UNIFIED_PROCESS\GATA_ModuleC_pipeline_unified_20260529_110642\01_REPO_COPY\pipeline\moduleC_pipeline_v2.py"	"2388"	"missing_flag"	"report.fail(""Placeholder detected (pop missing_flag=1). Scenarios not computed."")"
"moduleC_pipeline_v2.py"	"D:\GATA_MODULEC_UNIFIED_PROCESS\GATA_ModuleC_pipeline_unified_20260529_110642\01_REPO_COPY\pipeline\moduleC_pipeline_v2.py"	"3086"	"missing_flag"	"if has_missing_flag(smoke_rows):"
"moduleC_pipeline_v2.py"	"D:\GATA_MODULEC_UNIFIED_PROCESS\GATA_ModuleC_pipeline_unified_20260529_110642\01_REPO_COPY\pipeline\moduleC_pipeline_v2.py"	"3087"	"missing_flag"	"report.fail(""smoke_days has missing_flag=1; placeholder detected"")"
"moduleC_pipeline_v2.py"	"D:\GATA_MODULEC_UNIFIED_PROCESS\GATA_ModuleC_pipeline_unified_20260529_110642\01_REPO_COPY\pipeline\moduleC_pipeline_v2.py"	"3105"	"missing_flag"	"if has_missing_flag(pop_rows):"
"moduleC_pipeline_v2.py"	"D:\GATA_MODULEC_UNIFIED_PROCESS\GATA_ModuleC_pipeline_unified_20260529_110642\01_REPO_COPY\pipeline\moduleC_pipeline_v2.py"	"3106"	"missing_flag"	"report.fail(""pop table has missing_flag=1; placeholder detected"")"
"moduleC_pipeline_v2.py"	"D:\GATA_MODULEC_UNIFIED_PROCESS\GATA_ModuleC_pipeline_unified_20260529_110642\01_REPO_COPY\pipeline\moduleC_pipeline_v2.py"	"3109"	"missing_flag"	"if has_missing_flag(rec_rows):"
"moduleC_pipeline_v2.py"	"D:\GATA_MODULEC_UNIFIED_PROCESS\GATA_ModuleC_pipeline_unified_20260529_110642\01_REPO_COPY\pipeline\moduleC_pipeline_v2.py"	"3110"	"missing_flag"	"report.fail(""recurrence table has missing_flag=1; placeholder detected"")"
